date;temperature_sensor_1;temperature_sensor_2;temperature_sensor_3;temperature_sensor_4;temperature_sensor_5;temperature_sensor_6;temperature_sensor_7;temperature_sensor_8;temperature_sensor_9;temperature_sensor_10;irradiance_cs;impulse_1_v40;digital_input;speed_relay_1;speed_relay_2;speed_relay_3;speed_relay_4;speed_relay_5;speed_relay_6;speed_relay_7;fault_mask;messages;system;schema;leading_hc1_module_sensor_18;status_hc1_module;leading_hc2_module_sensor_25;status_hc2_module;leading_hc3_module_sensor_32;status_hc3_module;leading_heating_circuit_sensor_11;status_heating_circuit;version;temperature_leading;temperature_return;flow_sensor_8;heat_quantity
28.10.2011 08:29:00.000;97.2;61.0;51.8;96.6;96.0;61.1;51.7;888.8;96.1;61.5;0;0;1;100;100;100;100;100;100;100;0;0;1;0;0.0;0;0.0;0;0.0;0;0.0;0;1.15;;;;
14.12.2011 22:28:00.000;888.8;18.2;19.1;17.8;18.9;888.8;888.8;888.8;18.7;19.9;0;0;1;0;0;0;0;0;0;0;2;0;3;0;0.0;0;0.0;0;0.0;0;0.0;0;1.15;18.7;19.9;0;250
14.12.2011 22:33:00.000;888.8;18.1;19.1;17.8;18.9;888.8;888.8;888.8;18.7;19.7;0;0;1;0;0;0;0;0;0;0;2;0;3;0;0.0;0;0.0;0;0.0;0;0.0;0;1.15;18.7;19.7;0;250
14.12.2011 22:38:00.000;888.8;18.2;19.2;17.8;19.0;888.8;888.8;888.8;18.8;19.7;0;0;1;0;0;0;0;0;0;0;2;0;3;0;0.0;0;0.0;0;0.0;0;0.0;0;1.15;18.8;19.7;0;250
15.12.2011 00:53:00.000;888.8;18.2;73.2;17.9;40.1;888.8;888.8;888.8;18.9;20.4;0;0;1;0;0;0;0;0;0;0;2;0;3;0;0.0;0;0.0;0;0.0;0;0.0;0;1.15;18.9;20.4;0;250
15.12.2011 00:58:00.000;888.8;18.1;49.3;17.8;23.2;888.8;888.8;888.8;18.9;20.6;0;0;1;100;100;100;100;100;100;100;2;0;3;0;0.0;0;0.0;0;0.0;0;0.0;0;1.15;18.9;20.6;0;250
15.12.2011 01:03:00.000;888.8;18.1;32.9;17.9;18.1;888.8;888.8;888.8;19.0;20.5;0;0;1;0;0;0;0;0;0;0;2;0;3;0;0.0;0;0.0;0;0.0;0;0.0;0;1.15;19.0;20.5;0;250
15.12.2011 01:23:00.000;888.8;18.2;21.0;17.9;18.7;888.8;888.8;888.8;18.7;21.9;0;0;1;0;0;0;0;0;0;0;2;0;3;0;0.0;0;0.0;0;0.0;0;0.0;0;1.15;18.7;21.9;0;250
15.12.2011 01:28:00.000;888.8;18.2;20.4;17.9;18.7;888.8;888.8;888.8;18.5;21.6;0;0;1;0;0;0;0;0;0;0;2;0;3;0;0.0;0;0.0;0;0.0;0;0.0;0;1.15;18.5;21.6;0;250
15.12.2011 01:33:00.000;888.8;18.2;23.8;17.9;18.8;888.8;888.8;888.8;18.5;21.3;0;0;1;0;0;0;0;0;0;0;2;0;3;0;0.0;0;0.0;0;0.0;0;0.0;0;1.15;18.5;21.3;0;250
15.12.2011 01:38:00.000;888.8;18.2;23.9;17.9;18.9;888.8;888.8;888.8;18.6;21.0;0;0;1;0;0;0;0;0;0;0;2;0;3;0;0.0;0;0.0;0;0.0;0;0.0;0;1.15;18.6;21.0;0;250
15.12.2011 01:43:00.000;888.8;18.2;23.4;17.9;18.9;888.8;888.8;888.8;18.7;20.8;0;0;1;0;0;0;0;0;0;0;2;0;3;0;0.0;0;0.0;0;0.0;0;0.0;0;1.15;18.8;20.8;0;250
15.12.2011 01:48:00.000;888.8;18.1;22.5;17.9;19.0;888.8;888.8;888.8;18.8;20.7;0;0;1;0;0;0;0;0;0;0;2;0;3;0;0.0;0;0.0;0;0.0;0;0.0;0;1.15;18.8;20.7;0;250
15.12.2011 01:53:00.000;888.8;18.2;21.0;17.9;19.1;888.8;888.8;888.8;18.8;20.6;0;0;1;0;0;0;0;0;0;0;2;0;3;0;0.0;0;0.0;0;0.0;0;0.0;0;1.15;18.8;20.6;0;250
15.12.2011 01:58:00.000;888.8;18.1;20.1;17.9;19.1;888.8;888.8;888.8;18.9;20.6;0;0;1;0;0;0;0;0;0;0;2;0;3;0;0.0;0;0.0;0;0.0;0;0.0;0;1.15;18.9;20.6;0;250
15.12.2011 02:03:00.000;888.8;18.2;19.9;17.9;19.1;888.8;888.8;888.8;18.9;20.5;0;0;1;0;0;0;0;0;0;0;2;0;3;0;0.0;0;0.0;0;0.0;0;0.0;0;1.15;18.9;20.5;0;250
15.12.2011 02:08:00.000;888.8;18.2;20.0;17.9;19.1;888.8;888.8;888.8;18.9;20.5;0;0;1;0;0;0;0;0;0;0;2;0;3;0;0.0;0;0.0;0;0.0;0;0.0;0;1.15;18.9;20.5;0;250
15.12.2011 02:13:00.000;888.8;18.2;20.2;17.9;19.2;888.8;888.8;888.8;18.9;20.5;0;0;1;0;0;0;0;0;0;0;2;0;3;0;0.0;0;0.0;0;0.0;0;0.0;0;1.15;18.9;20.4;0;250
15.12.2011 02:18:00.000;888.8;18.1;20.4;17.9;19.2;888.8;888.8;888.8;18.9;20.4;0;0;1;0;0;0;0;0;0;0;2;0;3;0;0.0;0;0.0;0;0.0;0;0.0;0;1.15;18.9;20.4;0;250
15.12.2011 02:23:00.000;888.8;18.2;20.6;17.9;19.2;888.8;888.8;888.8;18.9;20.4;0;0;1;0;0;0;0;0;0;0;2;0;3;0;0.0;0;0.0;0;0.0;0;0.0;0;1.15;19.0;20.4;0;250
15.12.2011 02:28:00.000;888.8;18.2;20.7;17.9;19.3;888.8;888.8;888.8;18.9;20.3;0;0;1;0;0;0;0;0;0;0;2;0;3;0;0.0;0;0.0;0;0.0;0;0.0;0;1.15;18.9;20.3;0;250
15.12.2011 02:33:00.000;888.8;18.2;21.2;17.9;19.4;888.8;888.8;888.8;18.9;20.3;0;0;1;0;0;0;0;0;0;0;2;0;3;0;0.0;0;0.0;0;0.0;0;0.0;0;1.15;18.9;20.3;0;250
15.12.2011 02:38:00.000;888.8;18.2;21.2;17.9;19.4;888.8;888.8;888.8;18.8;20.3;0;0;1;0;0;0;0;0;0;0;2;0;3;0;0.0;0;0.0;0;0.0;0;0.0;0;1.15;18.8;20.3;0;250
15.12.2011 02:43:00.000;888.8;18.1;21.4;17.9;19.5;888.8;888.8;888.8;18.9;20.3;0;0;1;0;0;0;0;0;0;0;2;0;3;0;0.0;0;0.0;0;0.0;0;0.0;0;1.15;18.9;20.3;0;250
15.12.2011 02:48:00.000;888.8;18.1;21.6;17.9;19.6;888.8;888.8;888.8;18.9;20.3;0;0;1;0;0;0;0;0;0;0;2;0;3;0;0.0;0;0.0;0;0.0;0;0.0;0;1.15;18.9;20.3;0;250
15.12.2011 02:53:00.000;888.8;18.2;21.8;17.9;19.6;888.8;888.8;888.8;18.9;20.3;0;0;1;0;0;0;0;0;0;0;2;0;3;0;0.0;0;0.0;0;0.0;0;0.0;0;1.15;18.9;20.3;0;250
15.12.2011 02:58:00.000;888.8;18.2;22.1;17.9;19.7;888.8;888.8;888.8;18.9;20.3;0;0;1;0;0;0;0;0;0;0;2;0;3;0;0.0;0;0.0;0;0.0;0;0.0;0;1.15;18.9;20.3;0;250
15.12.2011 03:03:00.000;888.8;18.1;22.0;17.9;19.8;888.8;888.8;888.8;18.9;20.3;0;0;1;0;0;0;0;0;0;0;2;0;3;0;0.0;0;0.0;0;0.0;0;0.0;0;1.15;18.9;20.3;0;250
15.12.2011 03:08:00.000;888.8;18.2;21.9;17.9;19.8;888.8;888.8;888.8;18.9;20.3;0;0;1;0;0;0;0;0;0;0;2;0;3;0;0.0;0;0.0;0;0.0;0;0.0;0;1.15;18.9;20.3;0;250
15.12.2011 03:13:00.000;888.8;18.1;22.0;17.9;19.9;888.8;888.8;888.8;18.9;20.3;0;0;1;0;0;0;0;0;0;0;2;0;3;0;0.0;0;0.0;0;0.0;0;0.0;0;1.15;18.9;20.3;0;250
15.12.2011 03:18:00.000;888.8;18.2;22.0;17.9;20.0;888.8;888.8;888.8;18.9;20.3;0;0;1;0;0;0;0;0;0;0;2;0;3;0;0.0;0;0.0;0;0.0;0;0.0;0;1.15;18.9;20.3;0;250
15.12.2011 03:23:00.000;888.8;18.2;22.0;17.9;19.9;888.8;888.8;888.8;19.0;20.2;0;0;1;0;0;0;0;0;0;0;2;0;3;0;0.0;0;0.0;0;0.0;0;0.0;0;1.15;18.9;20.2;0;250
15.12.2011 03:28:00.000;888.8;18.1;21.9;17.9;19.9;888.8;888.8;888.8;19.0;20.2;0;0;1;0;0;0;0;0;0;0;2;0;3;0;0.0;0;0.0;0;0.0;0;0.0;0;1.15;19.0;20.2;0;250
15.12.2011 03:33:00.000;888.8;18.2;21.9;17.9;20.0;888.8;888.8;888.8;19.0;20.2;0;0;1;0;0;0;0;0;0;0;2;0;3;0;0.0;0;0.0;0;0.0;0;0.0;0;1.15;19.0;20.2;0;250
15.12.2011 03:38:00.000;888.8;18.2;22.0;17.9;20.0;888.8;888.8;888.8;18.9;20.2;0;0;1;0;0;0;0;0;0;0;2;0;3;0;0.0;0;0.0;0;0.0;0;0.0;0;1.15;18.9;20.2;0;250
15.12.2011 03:43:00.000;888.8;18.2;21.9;17.9;20.0;888.8;888.8;888.8;19.0;20.2;0;0;1;0;0;0;0;0;0;0;2;0;3;0;0.0;0;0.0;0;0.0;0;0.0;0;1.15;19.0;20.2;0;250
15.12.2011 03:48:00.000;888.8;18.1;21.9;17.9;20.1;888.8;888.8;888.8;19.0;20.2;0;0;1;0;0;0;0;0;0;0;2;0;3;0;0.0;0;0.0;0;0.0;0;0.0;0;1.15;19.0;20.2;0;250
15.12.2011 03:53:00.000;888.8;18.2;21.9;17.9;20.1;888.8;888.8;888.8;19.0;20.1;0;0;1;0;0;0;0;0;0;0;2;0;3;0;0.0;0;0.0;0;0.0;0;0.0;0;1.15;19.0;20.1;0;250
15.12.2011 03:58:00.000;888.8;18.2;21.8;17.9;20.1;888.8;888.8;888.8;19.0;20.1;0;0;1;0;0;0;0;0;0;0;2;0;3;0;0.0;0;0.0;0;0.0;0;0.0;0;1.15;19.0;20.1;0;250
15.12.2011 04:03:00.000;888.8;18.1;21.8;17.9;20.1;888.8;888.8;888.8;19.1;20.1;0;0;1;0;0;0;0;0;0;0;2;0;3;0;0.0;0;0.0;0;0.0;0;0.0;0;1.15;19.1;20.1;0;250
15.12.2011 04:08:00.000;888.8;18.2;21.7;17.9;20.2;888.8;888.8;888.8;19.0;20.2;0;0;1;0;0;0;0;0;0;0;2;0;3;0;0.0;0;0.0;0;0.0;0;0.0;0;1.15;19.0;20.2;0;250
15.12.2011 04:13:00.000;888.8;18.2;21.7;17.9;20.2;888.8;888.8;888.8;19.1;20.1;0;0;1;0;0;0;0;0;0;0;2;0;3;0;0.0;0;0.0;0;0.0;0;0.0;0;1.15;19.1;20.1;0;250
15.12.2011 04:18:00.000;888.8;18.2;21.7;17.9;20.2;888.8;888.8;888.8;19.1;20.1;0;0;1;0;0;0;0;0;0;0;2;0;3;0;0.0;0;0.0;0;0.0;0;0.0;0;1.15;19.1;20.1;0;250
15.12.2011 04:23:00.000;888.8;18.2;21.6;17.9;20.3;888.8;888.8;888.8;19.1;20.1;0;0;1;0;0;0;0;0;0;0;2;0;3;0;0.0;0;0.0;0;0.0;0;0.0;0;1.15;19.1;20.1;0;250
15.12.2011 04:28:00.000;888.8;18.2;21.6;17.9;20.3;888.8;888.8;888.8;19.1;20.1;0;0;1;0;0;0;0;0;0;0;2;0;3;0;0.0;0;0.0;0;0.0;0;0.0;0;1.15;19.1;20.1;0;250
15.12.2011 04:33:00.000;888.8;18.1;21.4;17.9;20.3;888.8;888.8;888.8;19.1;20.1;0;0;1;0;0;0;0;0;0;0;2;0;3;0;0.0;0;0.0;0;0.0;0;0.0;0;1.15;19.1;20.1;0;250
15.12.2011 04:38:00.000;888.8;18.2;21.4;17.9;20.3;888.8;888.8;888.8;19.1;20.1;0;0;1;0;0;0;0;0;0;0;2;0;3;0;0.0;0;0.0;0;0.0;0;0.0;0;1.15;19.1;20.1;0;250
15.12.2011 04:43:00.000;888.8;18.2;21.4;17.9;20.3;888.8;888.8;888.8;19.1;20.1;0;0;1;0;0;0;0;0;0;0;2;0;3;0;0.0;0;0.0;0;0.0;0;0.0;0;1.15;19.1;20.1;0;250
15.12.2011 04:48:00.000;888.8;18.2;21.3;17.9;20.3;888.8;888.8;888.8;19.1;20.1;0;0;1;0;0;0;0;0;0;0;2;0;3;0;0.0;0;0.0;0;0.0;0;0.0;0;1.15;19.1;20.1;0;250
15.12.2011 04:53:00.000;888.8;18.1;21.3;17.9;20.3;888.8;888.8;888.8;19.1;20.1;0;0;1;0;0;0;0;0;0;0;2;0;3;0;0.0;0;0.0;0;0.0;0;0.0;0;1.15;19.1;20.1;0;250
15.12.2011 04:58:00.000;888.8;18.2;21.2;17.9;20.3;888.8;888.8;888.8;18.8;20.1;0;0;1;0;0;0;0;0;0;0;2;0;3;0;0.0;0;0.0;0;0.0;0;0.0;0;1.15;18.8;20.1;0;250
15.12.2011 05:03:00.000;888.8;18.2;21.1;17.9;20.3;888.8;888.8;888.8;18.6;20.1;0;0;1;0;0;0;0;0;0;0;2;0;3;0;0.0;0;0.0;0;0.0;0;0.0;0;1.15;18.6;20.1;0;250
15.12.2011 05:08:00.000;888.8;18.2;21.1;17.9;20.3;888.8;888.8;888.8;18.8;20.1;0;0;1;0;0;0;0;0;0;0;2;0;3;0;0.0;0;0.0;0;0.0;0;0.0;0;1.15;18.8;20.1;0;250
15.12.2011 05:13:00.000;888.8;18.2;21.1;17.9;20.3;888.8;888.8;888.8;18.8;20.1;0;0;1;0;0;0;0;0;0;0;2;0;3;0;0.0;0;0.0;0;0.0;0;0.0;0;1.15;18.8;20.1;0;250
15.12.2011 05:18:00.000;888.8;18.2;21.0;17.9;20.3;888.8;888.8;888.8;18.8;20.1;0;0;1;0;0;0;0;0;0;0;2;0;3;0;0.0;0;0.0;0;0.0;0;0.0;0;1.15;18.8;20.1;0;250
15.12.2011 05:23:00.000;888.8;18.1;20.9;17.9;20.3;888.8;888.8;888.8;18.8;20.1;0;0;1;0;0;0;0;0;0;0;2;0;3;0;0.0;0;0.0;0;0.0;0;0.0;0;1.15;18.8;20.1;0;250
15.12.2011 05:28:00.000;888.8;18.1;20.9;17.9;20.3;888.8;888.8;888.8;18.8;20.1;0;0;1;0;0;0;0;0;0;0;2;0;3;0;0.0;0;0.0;0;0.0;0;0.0;0;1.15;18.8;20.1;0;250
15.12.2011 05:33:00.000;888.8;18.2;20.9;17.9;20.3;888.8;888.8;888.8;18.8;20.1;0;0;1;0;0;0;0;0;0;0;2;0;3;0;0.0;0;0.0;0;0.0;0;0.0;0;1.15;18.8;20.1;0;250
15.12.2011 05:38:00.000;888.8;18.1;20.9;17.9;20.3;888.8;888.8;888.8;18.8;20.1;0;0;1;0;0;0;0;0;0;0;2;0;3;0;0.0;0;0.0;0;0.0;0;0.0;0;1.15;18.8;20.1;0;250
15.12.2011 05:43:00.000;888.8;18.2;20.8;17.9;20.3;888.8;888.8;888.8;18.8;20.1;0;0;1;0;0;0;0;0;0;0;2;0;3;0;0.0;0;0.0;0;0.0;0;0.0;0;1.15;18.8;20.1;0;250
15.12.2011 05:48:00.000;888.8;18.2;20.7;17.9;20.3;888.8;888.8;888.8;18.6;20.1;0;0;1;0;0;0;0;0;0;0;2;0;3;0;0.0;0;0.0;0;0.0;0;0.0;0;1.15;18.6;20.1;0;250
15.12.2011 05:53:00.000;888.8;18.2;20.7;17.9;20.3;888.8;888.8;888.8;18.8;20.1;0;0;1;0;0;0;0;0;0;0;2;0;3;0;0.0;0;0.0;0;0.0;0;0.0;0;1.15;18.8;20.1;0;250
15.12.2011 05:58:00.000;888.8;18.2;20.7;17.9;20.3;888.8;888.8;888.8;18.8;20.1;0;0;1;0;0;0;0;0;0;0;2;0;3;0;0.0;0;0.0;0;0.0;0;0.0;0;1.15;18.8;20.1;0;250
15.12.2011 06:03:00.000;888.8;18.1;20.6;17.9;20.3;888.8;888.8;888.8;18.8;20.1;0;0;1;0;0;0;0;0;0;0;2;0;3;0;0.0;0;0.0;0;0.0;0;0.0;0;1.15;18.8;20.1;0;250
15.12.2011 06:08:00.000;888.8;18.2;20.6;17.9;20.3;888.8;888.8;888.8;18.8;20.1;0;0;1;0;0;0;0;0;0;0;2;0;3;0;0.0;0;0.0;0;0.0;0;0.0;0;1.15;18.8;20.1;0;250
15.12.2011 06:13:00.000;888.8;18.2;20.6;17.9;20.3;888.8;888.8;888.8;18.8;20.0;0;0;1;0;0;0;0;0;0;0;2;0;3;0;0.0;0;0.0;0;0.0;0;0.0;0;1.15;18.8;20.0;0;250
15.12.2011 06:18:00.000;888.8;18.2;20.6;17.9;20.3;888.8;888.8;888.8;18.8;20.1;0;0;1;0;0;0;0;0;0;0;2;0;3;0;0.0;0;0.0;0;0.0;0;0.0;0;1.15;18.8;20.1;0;250
15.12.2011 06:23:00.000;888.8;18.2;20.5;17.9;20.3;888.8;888.8;888.8;18.9;20.1;0;0;1;0;0;0;0;0;0;0;2;0;3;0;0.0;0;0.0;0;0.0;0;0.0;0;1.15;18.9;20.1;0;250
15.12.2011 06:28:00.000;888.8;18.2;20.4;17.9;20.3;888.8;888.8;888.8;18.9;20.0;0;0;1;0;0;0;0;0;0;0;2;0;3;0;0.0;0;0.0;0;0.0;0;0.0;0;1.15;18.9;20.0;0;250
15.12.2011 06:33:00.000;888.8;18.2;20.4;17.9;20.3;888.8;888.8;888.8;18.9;20.0;0;0;1;0;0;0;0;0;0;0;2;0;3;0;0.0;0;0.0;0;0.0;0;0.0;0;1.15;18.9;20.0;0;250
15.12.2011 06:38:00.000;888.8;18.2;20.4;17.9;20.3;888.8;888.8;888.8;18.9;20.0;0;0;1;0;0;0;0;0;0;0;2;0;3;0;0.0;0;0.0;0;0.0;0;0.0;0;1.15;18.9;20.0;0;250
15.12.2011 06:43:00.000;888.8;18.1;20.4;17.9;20.3;888.8;888.8;888.8;18.9;20.1;0;0;1;0;0;0;0;0;0;0;2;0;3;0;0.0;0;0.0;0;0.0;0;0.0;0;1.15;18.9;20.1;0;250
15.12.2011 06:48:00.000;888.8;18.1;20.3;17.9;20.3;888.8;888.8;888.8;18.8;20.0;0;0;1;0;0;0;0;0;0;0;2;0;3;0;0.0;0;0.0;0;0.0;0;0.0;0;1.15;18.8;20.0;0;250
15.12.2011 06:53:00.000;888.8;18.1;20.3;17.9;20.3;888.8;888.8;888.8;18.9;20.0;0;0;1;0;0;0;0;0;0;0;2;0;3;0;0.0;0;0.0;0;0.0;0;0.0;0;1.15;18.9;20.0;0;250
15.12.2011 06:58:00.000;888.8;18.1;20.3;17.9;20.3;888.8;888.8;888.8;18.9;20.0;0;0;1;0;0;0;0;0;0;0;2;0;3;0;0.0;0;0.0;0;0.0;0;0.0;0;1.15;18.9;20.0;0;250
15.12.2011 07:03:00.000;888.8;18.1;20.2;17.9;20.3;888.8;888.8;888.8;18.9;20.0;0;0;1;0;0;0;0;0;0;0;2;0;3;0;0.0;0;0.0;0;0.0;0;0.0;0;1.15;18.9;20.0;0;250
15.12.2011 07:08:00.000;888.8;18.2;20.2;17.9;20.3;888.8;888.8;888.8;18.9;20.0;0;0;1;0;0;0;0;0;0;0;2;0;3;0;0.0;0;0.0;0;0.0;0;0.0;0;1.15;18.9;20.0;0;250
15.12.2011 07:13:00.000;888.8;18.1;20.2;17.9;20.3;888.8;888.8;888.8;18.9;20.0;0;0;1;0;0;0;0;0;0;0;2;0;3;0;0.0;0;0.0;0;0.0;0;0.0;0;1.15;19.0;20.0;0;250
15.12.2011 07:18:00.000;888.8;18.2;20.1;17.9;20.2;888.8;888.8;888.8;18.9;20.0;0;0;1;0;0;0;0;0;0;0;2;0;3;0;0.0;0;0.0;0;0.0;0;0.0;0;1.15;18.9;20.0;0;250
15.12.2011 07:23:00.000;888.8;18.1;20.1;18.0;20.2;888.8;888.8;888.8;19.0;20.0;0;0;1;0;0;0;0;0;0;0;2;0;3;0;0.0;0;0.0;0;0.0;0;0.0;0;1.15;19.0;20.0;0;250
15.12.2011 07:28:00.000;888.8;18.1;20.1;18.0;20.2;888.8;888.8;888.8;19.0;20.0;0;0;1;0;0;0;0;0;0;0;2;0;3;0;0.0;0;0.0;0;0.0;0;0.0;0;1.15;19.0;20.0;0;250
15.12.2011 07:33:00.000;888.8;18.2;20.1;17.9;20.2;888.8;888.8;888.8;18.9;20.0;0;0;1;0;0;0;0;0;0;0;2;0;3;0;0.0;0;0.0;0;0.0;0;0.0;0;1.15;18.9;20.0;0;250
15.12.2011 07:38:00.000;888.8;18.2;20.0;17.9;20.2;888.8;888.8;888.8;19.0;20.0;0;0;1;0;0;0;0;0;0;0;2;0;3;0;0.0;0;0.0;0;0.0;0;0.0;0;1.15;19.0;20.0;0;250
15.12.2011 07:43:00.000;888.8;18.1;20.0;17.9;20.2;888.8;888.8;888.8;19.0;20.0;0;0;1;0;0;0;0;0;0;0;2;0;3;0;0.0;0;0.0;0;0.0;0;0.0;0;1.15;19.0;20.0;0;250
15.12.2011 07:48:00.000;888.8;18.2;20.0;17.9;20.2;888.8;888.8;888.8;18.9;20.0;0;0;1;0;0;0;0;0;0;0;2;0;3;0;0.0;0;0.0;0;0.0;0;0.0;0;1.15;18.9;20.0;0;250
15.12.2011 07:53:00.000;888.8;18.2;20.0;17.9;20.2;888.8;888.8;888.8;18.9;20.0;0;0;1;0;0;0;0;0;0;0;2;0;3;0;0.0;0;0.0;0;0.0;0;0.0;0;1.15;18.9;20.0;0;250
15.12.2011 07:58:00.000;888.8;18.2;20.0;17.9;20.1;888.8;888.8;888.8;18.9;20.0;0;0;1;0;0;0;0;0;0;0;2;0;3;0;0.0;0;0.0;0;0.0;0;0.0;0;1.15;18.9;20.0;0;250
15.12.2011 08:03:00.000;888.8;18.2;20.0;17.9;20.1;888.8;888.8;888.8;19.0;20.0;0;0;1;0;0;0;0;0;0;0;2;0;3;0;0.0;0;0.0;0;0.0;0;0.0;0;1.15;19.0;20.0;0;250
15.12.2011 08:08:00.000;888.8;18.2;20.0;17.9;20.1;888.8;888.8;888.8;19.0;20.0;0;0;1;0;0;0;0;0;0;0;2;0;3;0;0.0;0;0.0;0;0.0;0;0.0;0;1.15;19.0;20.0;0;250
15.12.2011 08:13:00.000;888.8;18.1;20.0;17.9;20.1;888.8;888.8;888.8;19.1;20.0;0;0;1;0;0;0;0;0;0;0;2;0;3;0;0.0;0;0.0;0;0.0;0;0.0;0;1.15;19.1;20.0;0;250
15.12.2011 08:18:00.000;888.8;18.1;20.0;18.0;20.1;888.8;888.8;888.8;19.1;20.0;0;0;1;0;0;0;0;0;0;0;2;0;3;0;0.0;0;0.0;0;0.0;0;0.0;0;1.15;19.1;20.0;0;250
15.12.2011 08:23:00.000;888.8;18.1;20.0;18.0;20.1;888.8;888.8;888.8;19.1;20.0;0;0;1;0;0;0;0;0;0;0;2;0;3;0;0.0;0;0.0;0;0.0;0;0.0;0;1.15;19.1;20.0;0;250
15.12.2011 08:28:00.000;888.8;18.2;19.9;17.9;20.1;888.8;888.8;888.8;19.1;20.0;0;0;1;0;0;0;0;0;0;0;2;0;3;0;0.0;0;0.0;0;0.0;0;0.0;0;1.15;19.1;20.0;0;250
15.12.2011 08:33:00.000;888.8;18.2;19.9;17.9;20.1;888.8;888.8;888.8;19.1;20.0;0;0;1;0;0;0;0;0;0;0;2;0;3;0;0.0;0;0.0;0;0.0;0;0.0;0;1.15;19.1;20.0;0;250
15.12.2011 08:38:00.000;888.8;18.2;19.9;17.9;20.1;888.8;888.8;888.8;19.1;20.0;0;0;1;0;0;0;0;0;0;0;2;0;3;0;0.0;0;0.0;0;0.0;0;0.0;0;1.15;19.1;20.0;0;250
15.12.2011 08:43:00.000;888.8;18.2;19.9;17.9;20.1;888.8;888.8;888.8;19.1;20.0;0;0;1;0;0;0;0;0;0;0;2;0;3;0;0.0;0;0.0;0;0.0;0;0.0;0;1.15;19.1;20.0;0;250
15.12.2011 08:48:00.000;888.8;18.1;19.8;17.9;20.1;888.8;888.8;888.8;19.1;20.0;0;0;1;0;0;0;0;0;0;0;2;0;3;0;0.0;0;0.0;0;0.0;0;0.0;0;1.15;19.1;20.0;0;250
15.12.2011 08:53:00.000;888.8;18.2;19.8;17.9;20.1;888.8;888.8;888.8;19.1;20.0;0;0;1;0;0;0;0;0;0;0;2;0;3;0;0.0;0;0.0;0;0.0;0;0.0;0;1.15;19.1;20.0;0;250
15.12.2011 08:58:00.000;888.8;18.2;19.8;17.9;20.0;888.8;888.8;888.8;19.1;20.0;0;0;1;0;0;0;0;0;0;0;2;0;3;0;0.0;0;0.0;0;0.0;0;0.0;0;1.15;19.1;20.0;0;250
15.12.2011 09:03:00.000;888.8;18.1;19.8;17.9;20.0;888.8;888.8;888.8;19.1;20.0;0;0;1;0;0;0;0;0;0;0;2;0;3;0;0.0;0;0.0;0;0.0;0;0.0;0;1.15;19.1;20.0;0;250
15.12.2011 09:08:00.000;888.8;18.2;19.8;17.9;20.0;888.8;888.8;888.8;19.1;19.9;0;0;1;0;0;0;0;0;0;0;2;0;3;0;0.0;0;0.0;0;0.0;0;0.0;0;1.15;19.1;19.9;0;250
15.12.2011 09:13:00.000;888.8;18.1;19.7;18.0;20.0;888.8;888.8;888.8;19.2;20.0;0;0;1;0;0;0;0;0;0;0;2;0;3;0;0.0;0;0.0;0;0.0;0;0.0;0;1.15;19.2;20.0;0;250
15.12.2011 09:18:00.000;888.8;18.1;19.7;18.0;20.0;888.8;888.8;888.8;19.2;19.9;0;0;1;0;0;0;0;0;0;0;2;0;3;0;0.0;0;0.0;0;0.0;0;0.0;0;1.15;19.2;19.9;0;250
15.12.2011 09:23:00.000;888.8;18.1;19.7;18.0;20.0;888.8;888.8;888.8;19.2;19.9;0;0;1;0;0;0;0;0;0;0;2;0;3;0;0.0;0;0.0;0;0.0;0;0.0;0;1.15;19.2;19.9;0;250
15.12.2011 09:28:00.000;888.8;18.2;19.7;17.9;20.0;888.8;888.8;888.8;19.2;19.9;0;0;1;0;0;0;0;0;0;0;2;0;3;0;0.0;0;0.0;0;0.0;0;0.0;0;1.15;19.2;19.9;0;250
15.12.2011 09:33:00.000;888.8;18.2;19.7;17.9;20.0;888.8;888.8;888.8;19.2;19.9;0;0;1;0;0;0;0;0;0;0;2;0;3;0;0.0;0;0.0;0;0.0;0;0.0;0;1.15;19.2;19.9;0;250
15.12.2011 09:38:00.000;888.8;18.2;19.7;17.9;20.0;888.8;888.8;888.8;19.2;19.9;0;0;1;0;0;0;0;0;0;0;2;0;3;0;0.0;0;0.0;0;0.0;0;0.0;0;1.15;19.2;19.9;0;250
15.12.2011 09:43:00.000;888.8;18.1;19.7;18.0;20.0;888.8;888.8;888.8;19.2;19.9;0;0;1;0;0;0;0;0;0;0;2;0;3;0;0.0;0;0.0;0;0.0;0;0.0;0;1.15;19.2;19.9;0;250
15.12.2011 09:48:00.000;888.8;18.1;19.7;18.0;20.0;888.8;888.8;888.8;19.2;19.9;0;0;1;0;0;0;0;0;0;0;2;0;3;0;0.0;0;0.0;0;0.0;0;0.0;0;1.15;19.2;19.9;0;250
15.12.2011 09:53:00.000;888.8;18.2;19.7;17.9;20.0;888.8;888.8;888.8;19.2;19.9;0;0;1;0;0;0;0;0;0;0;2;0;3;0;0.0;0;0.0;0;0.0;0;0.0;0;1.15;19.2;19.9;0;250
15.12.2011 09:58:00.000;888.8;18.2;19.7;17.9;20.0;888.8;888.8;888.8;19.2;19.9;0;0;1;0;0;0;0;0;0;0;2;0;3;0;0.0;0;0.0;0;0.0;0;0.0;0;1.15;19.2;19.9;0;250
15.12.2011 10:03:00.000;888.8;18.2;19.7;17.9;20.0;888.8;888.8;888.8;19.2;19.9;0;0;1;0;0;0;0;0;0;0;2;0;3;0;0.0;0;0.0;0;0.0;0;0.0;0;1.15;19.2;19.9;0;250
15.12.2011 10:08:00.000;888.8;18.2;19.6;17.9;20.0;888.8;888.8;888.8;19.3;19.9;0;0;1;0;0;0;0;0;0;0;2;0;3;0;0.0;0;0.0;0;0.0;0;0.0;0;1.15;19.3;19.9;0;250
15.12.2011 10:13:00.000;888.8;18.2;19.7;17.9;19.9;888.8;888.8;888.8;19.2;19.9;0;0;1;0;0;0;0;0;0;0;2;0;3;0;0.0;0;0.0;0;0.0;0;0.0;0;1.15;19.2;19.9;0;250
15.12.2011 10:18:00.000;888.8;18.2;19.6;17.9;19.9;888.8;888.8;888.8;19.2;19.9;0;0;1;0;0;0;0;0;0;0;2;0;3;0;0.0;0;0.0;0;0.0;0;0.0;0;1.15;19.2;19.9;0;250
15.12.2011 10:23:00.000;888.8;18.2;19.6;18.0;19.9;888.8;888.8;888.8;19.2;19.9;0;0;1;0;0;0;0;0;0;0;2;0;3;0;0.0;0;0.0;0;0.0;0;0.0;0;1.15;19.2;19.9;0;250
15.12.2011 10:28:00.000;888.8;18.1;19.6;18.0;19.9;888.8;888.8;888.8;19.3;19.9;0;0;1;0;0;0;0;0;0;0;2;0;3;0;0.0;0;0.0;0;0.0;0;0.0;0;1.15;19.3;19.9;0;250
15.12.2011 10:33:00.000;888.8;18.1;19.6;17.9;19.9;888.8;888.8;888.8;19.3;19.9;0;0;1;0;0;0;0;0;0;0;2;0;3;0;0.0;0;0.0;0;0.0;0;0.0;0;1.15;19.3;19.9;0;250
15.12.2011 10:38:00.000;888.8;18.1;19.6;17.9;19.8;888.8;888.8;888.8;19.3;19.9;0;0;1;0;0;0;0;0;0;0;2;0;3;0;0.0;0;0.0;0;0.0;0;0.0;0;1.15;19.3;19.9;0;250
15.12.2011 10:43:00.000;888.8;18.1;19.6;18.0;19.9;888.8;888.8;888.8;19.3;19.9;0;0;1;0;0;0;0;0;0;0;2;0;3;0;0.0;0;0.0;0;0.0;0;0.0;0;1.15;19.3;19.9;0;250
15.12.2011 10:48:00.000;888.8;18.2;19.6;17.9;19.8;888.8;888.8;888.8;19.3;19.9;0;0;1;0;0;0;0;0;0;0;2;0;3;0;0.0;0;0.0;0;0.0;0;0.0;0;1.15;19.3;19.9;0;250
15.12.2011 10:53:00.000;888.8;18.2;19.6;17.9;19.8;888.8;888.8;888.8;19.3;19.9;0;0;1;0;0;0;0;0;0;0;2;0;3;0;0.0;0;0.0;0;0.0;0;0.0;0;1.15;19.3;19.9;0;250
15.12.2011 10:58:00.000;888.8;18.1;19.6;18.0;19.8;888.8;888.8;888.8;19.3;19.9;0;0;1;0;0;0;0;0;0;0;2;0;3;0;0.0;0;0.0;0;0.0;0;0.0;0;1.15;19.3;19.9;0;250
15.12.2011 11:03:00.000;888.8;18.1;19.6;18.0;19.8;888.8;888.8;888.8;19.3;19.9;0;0;1;0;0;0;0;0;0;0;2;0;3;0;0.0;0;0.0;0;0.0;0;0.0;0;1.15;19.3;19.9;0;250
15.12.2011 11:08:00.000;888.8;18.1;19.6;18.0;19.8;888.8;888.8;888.8;19.3;19.9;0;0;1;0;0;0;0;0;0;0;2;0;3;0;0.0;0;0.0;0;0.0;0;0.0;0;1.15;19.3;19.9;0;250
15.12.2011 11:13:00.000;888.8;18.1;19.6;17.9;19.8;888.8;888.8;888.8;19.3;19.9;0;0;1;0;0;0;0;0;0;0;2;0;3;0;0.0;0;0.0;0;0.0;0;0.0;0;1.15;19.3;19.9;0;250
15.12.2011 11:18:00.000;888.8;18.2;19.6;17.9;19.7;888.8;888.8;888.8;19.3;19.9;0;0;1;0;0;0;0;0;0;0;2;0;3;0;0.0;0;0.0;0;0.0;0;0.0;0;1.15;19.3;19.9;0;250
15.12.2011 11:23:00.000;888.8;18.1;19.6;18.0;19.7;888.8;888.8;888.8;19.3;19.9;0;0;1;0;0;0;0;0;0;0;2;0;3;0;0.0;0;0.0;0;0.0;0;0.0;0;1.15;19.3;19.9;0;250
15.12.2011 11:28:00.000;888.8;18.2;19.6;17.9;19.7;888.8;888.8;888.8;19.3;19.8;0;0;1;0;0;0;0;0;0;0;2;0;3;0;0.0;0;0.0;0;0.0;0;0.0;0;1.15;19.3;19.8;0;250
15.12.2011 11:33:00.000;888.8;18.1;19.5;17.9;19.7;888.8;888.8;888.8;19.3;19.9;0;0;1;0;0;0;0;0;0;0;2;0;3;0;0.0;0;0.0;0;0.0;0;0.0;0;1.15;19.3;19.9;0;250
15.12.2011 11:38:00.000;888.8;18.2;19.5;17.9;19.7;888.8;888.8;888.8;19.3;19.8;0;0;1;0;0;0;0;0;0;0;2;0;3;0;0.0;0;0.0;0;0.0;0;0.0;0;1.15;19.3;19.9;0;250
15.12.2011 11:43:00.000;888.8;18.1;19.5;18.0;19.7;888.8;888.8;888.8;19.3;19.8;0;0;1;0;0;0;0;0;0;0;2;0;3;0;0.0;0;0.0;0;0.0;0;0.0;0;1.15;19.3;19.8;0;250
15.12.2011 11:48:00.000;888.8;18.2;19.5;18.0;19.7;888.8;888.8;888.8;19.3;19.9;0;0;1;0;0;0;0;0;0;0;2;0;3;0;0.0;0;0.0;0;0.0;0;0.0;0;1.15;19.3;19.9;0;250
15.12.2011 11:53:00.000;888.8;18.1;19.5;17.9;19.7;888.8;888.8;888.8;19.3;19.8;0;0;1;0;0;0;0;0;0;0;2;0;3;0;0.0;0;0.0;0;0.0;0;0.0;0;1.15;19.3;19.8;0;250
15.12.2011 11:58:00.000;888.8;18.2;19.5;18.0;19.7;888.8;888.8;888.8;19.3;19.9;0;0;1;0;0;0;0;0;0;0;2;0;3;0;0.0;0;0.0;0;0.0;0;0.0;0;1.15;19.3;19.9;0;250
15.12.2011 12:03:00.000;888.8;18.2;19.5;18.0;19.7;888.8;888.8;888.8;19.3;19.8;0;0;1;0;0;0;0;0;0;0;2;0;3;0;0.0;0;0.0;0;0.0;0;0.0;0;1.15;19.3;19.8;0;250
15.12.2011 12:08:00.000;888.8;18.2;19.5;17.9;19.7;888.8;888.8;888.8;19.3;19.8;0;0;1;0;0;0;0;0;0;0;2;0;3;0;0.0;0;0.0;0;0.0;0;0.0;0;1.15;19.3;19.8;0;250
15.12.2011 12:13:00.000;888.8;18.2;19.5;17.9;19.7;888.8;888.8;888.8;19.3;19.8;0;0;1;0;0;0;0;0;0;0;2;0;3;0;0.0;0;0.0;0;0.0;0;0.0;0;1.15;19.3;19.8;0;250
15.12.2011 12:18:00.000;888.8;18.1;19.5;18.0;19.7;888.8;888.8;888.8;19.3;19.8;0;0;1;0;0;0;0;0;0;0;2;0;3;0;0.0;0;0.0;0;0.0;0;0.0;0;1.15;19.3;19.8;0;250
15.12.2011 12:23:00.000;888.8;18.1;19.5;18.0;19.7;888.8;888.8;888.8;19.3;19.8;0;0;1;0;0;0;0;0;0;0;2;0;3;0;0.0;0;0.0;0;0.0;0;0.0;0;1.15;19.3;19.8;0;250
15.12.2011 12:28:00.000;888.8;18.1;19.5;17.9;19.6;888.8;888.8;888.8;19.3;19.8;0;0;1;0;0;0;0;0;0;0;2;0;3;0;0.0;0;0.0;0;0.0;0;0.0;0;1.15;19.3;19.8;0;250
15.12.2011 12:33:00.000;888.8;18.2;19.5;17.9;19.6;888.8;888.8;888.8;19.3;19.8;0;0;1;0;0;0;0;0;0;0;2;0;3;0;0.0;0;0.0;0;0.0;0;0.0;0;1.15;19.3;19.9;0;250
15.12.2011 12:38:00.000;888.8;18.2;19.5;17.9;19.6;888.8;888.8;888.8;19.3;19.8;0;0;1;0;0;0;0;0;0;0;2;0;3;0;0.0;0;0.0;0;0.0;0;0.0;0;1.15;19.3;19.8;0;250
15.12.2011 12:43:00.000;888.8;18.1;19.5;18.0;19.6;888.8;888.8;888.8;19.3;19.8;0;0;1;0;0;0;0;0;0;0;2;0;3;0;0.0;0;0.0;0;0.0;0;0.0;0;1.15;19.3;19.8;0;250
15.12.2011 12:48:00.000;888.8;18.1;19.6;18.0;19.6;888.8;888.8;888.8;19.3;19.8;0;0;1;0;0;0;0;0;0;0;2;0;3;0;0.0;0;0.0;0;0.0;0;0.0;0;1.15;19.3;19.8;0;250
15.12.2011 12:53:00.000;888.8;18.1;19.6;18.0;19.6;888.8;888.8;888.8;19.3;19.8;0;0;1;0;0;0;0;0;0;0;2;0;3;0;0.0;0;0.0;0;0.0;0;0.0;0;1.15;19.3;19.8;0;250
15.12.2011 12:58:00.000;888.8;18.2;19.6;17.9;19.6;888.8;888.8;888.8;19.3;19.8;0;0;1;0;0;0;0;0;0;0;2;0;3;0;0.0;0;0.0;0;0.0;0;0.0;0;1.15;19.3;19.8;0;250
15.12.2011 13:03:00.000;888.8;18.2;19.6;17.9;19.6;888.8;888.8;888.8;19.3;19.8;0;0;1;0;0;0;0;0;0;0;2;0;3;0;0.0;0;0.0;0;0.0;0;0.0;0;1.15;19.3;19.8;0;250
15.12.2011 13:08:00.000;888.8;18.2;19.6;17.9;19.6;888.8;888.8;888.8;19.3;19.8;0;0;1;0;0;0;0;0;0;0;2;0;3;0;0.0;0;0.0;0;0.0;0;0.0;0;1.15;19.3;19.8;0;250
15.12.2011 13:13:00.000;888.8;18.1;19.6;17.9;19.6;888.8;888.8;888.8;19.3;19.8;0;0;1;0;0;0;0;0;0;0;2;0;3;0;0.0;0;0.0;0;0.0;0;0.0;0;1.15;19.3;19.8;0;250
15.12.2011 13:18:00.000;888.8;18.2;19.6;18.0;19.6;888.8;888.8;888.8;19.3;19.8;0;0;1;0;0;0;0;0;0;0;2;0;3;0;0.0;0;0.0;0;0.0;0;0.0;0;1.15;19.3;19.8;0;250
15.12.2011 13:23:00.000;888.8;18.1;19.6;18.0;19.6;888.8;888.8;888.8;19.3;19.8;0;0;1;0;0;0;0;0;0;0;2;0;3;0;0.0;0;0.0;0;0.0;0;0.0;0;1.15;19.3;19.8;0;250
15.12.2011 13:28:00.000;888.8;18.2;19.6;17.9;19.6;888.8;888.8;888.8;19.3;19.8;0;0;1;0;0;0;0;0;0;0;2;0;3;0;0.0;0;0.0;0;0.0;0;0.0;0;1.15;19.3;19.8;0;250
15.12.2011 13:33:00.000;888.8;18.2;19.6;17.9;19.6;888.8;888.8;888.8;19.3;19.8;0;0;1;0;0;0;0;0;0;0;2;0;3;0;0.0;0;0.0;0;0.0;0;0.0;0;1.15;19.3;19.8;0;250
15.12.2011 13:38:00.000;888.8;18.1;19.6;18.0;19.6;888.8;888.8;888.8;19.3;19.8;0;0;1;0;0;0;0;0;0;0;2;0;3;0;0.0;0;0.0;0;0.0;0;0.0;0;1.15;19.3;19.8;0;250
15.12.2011 13:43:00.000;888.8;18.2;19.6;17.9;19.6;888.8;888.8;888.8;19.3;19.8;0;0;1;0;0;0;0;0;0;0;2;0;3;0;0.0;0;0.0;0;0.0;0;0.0;0;1.15;19.3;19.8;0;250
15.12.2011 13:48:00.000;888.8;18.1;19.7;18.0;19.6;888.8;888.8;888.8;19.3;19.8;0;0;1;0;0;0;0;0;0;0;2;0;3;0;0.0;0;0.0;0;0.0;0;0.0;0;1.15;19.3;19.8;0;250
15.12.2011 13:53:00.000;888.8;18.1;19.6;18.0;19.6;888.8;888.8;888.8;19.3;19.8;0;0;1;0;0;0;0;0;0;0;2;0;3;0;0.0;0;0.0;0;0.0;0;0.0;0;1.15;19.3;19.8;0;250
15.12.2011 13:58:00.000;888.8;18.2;19.7;18.0;19.5;888.8;888.8;888.8;19.3;19.8;0;0;1;0;0;0;0;0;0;0;2;0;3;0;0.0;0;0.0;0;0.0;0;0.0;0;1.15;19.3;19.8;0;250
15.12.2011 14:03:00.000;888.8;18.1;19.7;18.0;19.6;888.8;888.8;888.8;19.3;19.8;0;0;1;0;0;0;0;0;0;0;2;0;3;0;0.0;0;0.0;0;0.0;0;0.0;0;1.15;19.3;19.8;0;250
15.12.2011 14:08:00.000;888.8;18.1;19.7;18.0;19.5;888.8;888.8;888.8;19.3;19.8;0;0;1;0;0;0;0;0;0;0;2;0;3;0;0.0;0;0.0;0;0.0;0;0.0;0;1.15;19.3;19.8;0;250
15.12.2011 14:13:00.000;888.8;18.2;19.7;17.9;19.5;888.8;888.8;888.8;19.3;19.8;0;0;1;0;0;0;0;0;0;0;2;0;3;0;0.0;0;0.0;0;0.0;0;0.0;0;1.15;19.3;19.8;0;250
15.12.2011 14:18:00.000;888.8;18.2;19.7;17.9;19.5;888.8;888.8;888.8;19.3;19.8;0;0;1;0;0;0;0;0;0;0;2;0;3;0;0.0;0;0.0;0;0.0;0;0.0;0;1.15;19.3;19.8;0;250
15.12.2011 14:23:00.000;888.8;18.2;19.7;18.0;19.5;888.8;888.8;888.8;19.3;19.8;0;0;1;0;0;0;0;0;0;0;2;0;3;0;0.0;0;0.0;0;0.0;0;0.0;0;1.15;19.3;19.8;0;250
15.12.2011 14:28:00.000;888.8;18.1;19.7;18.0;19.5;888.8;888.8;888.8;19.4;19.8;0;0;1;0;0;0;0;0;0;0;2;0;3;0;0.0;0;0.0;0;0.0;0;0.0;0;1.15;19.4;19.8;0;250
15.12.2011 14:33:00.000;888.8;18.2;19.7;17.9;19.5;888.8;888.8;888.8;19.3;19.8;0;0;1;0;0;0;0;0;0;0;2;0;3;0;0.0;0;0.0;0;0.0;0;0.0;0;1.15;19.3;19.8;0;250
15.12.2011 14:38:00.000;888.8;18.2;19.7;17.9;19.5;888.8;888.8;888.8;19.3;19.8;0;0;1;0;0;0;0;0;0;0;2;0;3;0;0.0;0;0.0;0;0.0;0;0.0;0;1.15;19.3;19.8;0;250
15.12.2011 14:43:00.000;888.8;18.2;19.7;17.9;19.5;888.8;888.8;888.8;19.3;19.8;0;0;1;0;0;0;0;0;0;0;2;0;3;0;0.0;0;0.0;0;0.0;0;0.0;0;1.15;19.3;19.8;0;250
15.12.2011 14:48:00.000;888.8;18.1;19.7;18.0;19.5;888.8;888.8;888.8;19.4;19.8;0;0;1;0;0;0;0;0;0;0;2;0;3;0;0.0;0;0.0;0;0.0;0;0.0;0;1.15;19.4;19.8;0;250
15.12.2011 14:53:00.000;888.8;18.1;19.7;18.0;19.5;888.8;888.8;888.8;19.4;19.8;0;0;1;0;0;0;0;0;0;0;2;0;3;0;0.0;0;0.0;0;0.0;0;0.0;0;1.15;19.4;19.8;0;250
15.12.2011 14:58:00.000;888.8;18.2;19.7;18.0;19.4;888.8;888.8;888.8;19.3;19.8;0;0;1;0;0;0;0;0;0;0;2;0;3;0;0.0;0;0.0;0;0.0;0;0.0;0;1.15;19.3;19.8;0;250
15.12.2011 15:03:00.000;888.8;18.2;19.7;18.0;19.4;888.8;888.8;888.8;19.3;19.8;0;0;1;0;0;0;0;0;0;0;2;0;3;0;0.0;0;0.0;0;0.0;0;0.0;0;1.15;19.3;19.8;0;250
15.12.2011 15:08:00.000;888.8;18.2;19.7;18.0;19.4;888.8;888.8;888.8;19.3;19.8;0;0;1;0;0;0;0;0;0;0;2;0;3;0;0.0;0;0.0;0;0.0;0;0.0;0;1.15;19.3;19.8;0;250
15.12.2011 15:13:00.000;888.8;18.1;19.7;18.0;19.4;888.8;888.8;888.8;19.4;19.8;0;0;1;0;0;0;0;0;0;0;2;0;3;0;0.0;0;0.0;0;0.0;0;0.0;0;1.15;19.4;19.8;0;250
15.12.2011 15:18:00.000;888.8;18.1;19.7;17.9;19.4;888.8;888.8;888.8;19.3;19.8;0;0;1;0;0;0;0;0;0;0;2;0;3;0;0.0;0;0.0;0;0.0;0;0.0;0;1.15;19.3;19.8;0;250
15.12.2011 15:23:00.000;888.8;18.1;19.7;18.0;19.4;888.8;888.8;888.8;19.3;19.8;0;0;1;0;0;0;0;0;0;0;2;0;3;0;0.0;0;0.0;0;0.0;0;0.0;0;1.15;19.3;19.8;0;250
15.12.2011 15:28:00.000;888.8;18.1;19.7;18.0;19.4;888.8;888.8;888.8;19.3;19.8;0;0;1;0;0;0;0;0;0;0;2;0;3;0;0.0;0;0.0;0;0.0;0;0.0;0;1.15;19.3;19.8;0;250
15.12.2011 15:33:00.000;888.8;18.2;19.7;17.9;19.4;888.8;888.8;888.8;19.1;19.8;0;0;1;0;0;0;0;0;0;0;2;0;3;0;0.0;0;0.0;0;0.0;0;0.0;0;1.15;19.1;19.8;0;250
15.12.2011 15:38:00.000;888.8;18.2;19.7;17.9;19.4;888.8;888.8;888.8;18.7;19.7;0;0;1;0;0;0;0;0;0;0;2;0;3;0;0.0;0;0.0;0;0.0;0;0.0;0;1.15;18.7;19.7;0;250
15.12.2011 15:43:00.000;888.8;18.2;19.7;18.0;19.4;888.8;888.8;888.8;18.8;19.8;0;0;1;0;0;0;0;0;0;0;2;0;3;0;0.0;0;0.0;0;0.0;0;0.0;0;1.15;18.8;19.8;0;250
15.12.2011 15:48:00.000;888.8;18.2;19.7;18.0;19.4;888.8;888.8;888.8;18.8;19.8;0;0;1;0;0;0;0;0;0;0;2;0;3;0;0.0;0;0.0;0;0.0;0;0.0;0;1.15;18.8;19.8;0;250
15.12.2011 15:53:00.000;888.8;18.1;19.7;18.0;19.4;888.8;888.8;888.8;18.8;20.0;0;0;1;0;0;0;0;0;0;0;2;0;3;0;0.0;0;0.0;0;0.0;0;0.0;0;1.15;18.8;20.0;0;250
15.12.2011 15:58:00.000;888.8;18.1;19.7;18.0;19.4;888.8;888.8;888.8;18.9;20.1;0;0;1;0;0;0;0;0;0;0;2;0;3;0;0.0;0;0.0;0;0.0;0;0.0;0;1.15;18.9;20.1;0;250
15.12.2011 16:03:00.000;888.8;18.1;20.4;18.0;19.4;888.8;888.8;888.8;18.9;20.0;0;0;1;0;0;0;0;0;0;0;2;0;3;0;0.0;0;0.0;0;0.0;0;0.0;0;1.15;18.9;20.0;0;250
15.12.2011 16:08:00.000;888.8;18.2;20.5;18.0;19.4;888.8;888.8;888.8;18.9;20.1;0;0;1;0;0;0;0;0;0;0;2;0;3;0;0.0;0;0.0;0;0.0;0;0.0;0;1.15;18.9;20.1;0;250
15.12.2011 16:13:00.000;888.8;18.1;23.8;18.0;19.4;888.8;888.8;888.8;19.1;20.1;0;0;1;0;0;0;0;0;0;0;2;0;3;0;0.0;0;0.0;0;0.0;0;0.0;0;1.15;19.1;20.1;0;250
15.12.2011 16:18:00.000;888.8;18.2;24.5;18.0;19.6;888.8;888.8;888.8;19.1;20.1;0;0;1;0;0;0;0;0;0;0;2;0;3;0;0.0;0;0.0;0;0.0;0;0.0;0;1.15;19.1;20.1;0;250
15.12.2011 16:23:00.000;888.8;18.1;23.2;18.0;19.7;888.8;888.8;888.8;19.1;20.1;0;0;1;0;0;0;0;0;0;0;2;0;3;0;0.0;0;0.0;0;0.0;0;0.0;0;1.15;19.1;20.1;0;250
15.12.2011 16:28:00.000;36.6;18.2;23.9;18.0;21.2;888.8;888.8;888.8;19.1;20.1;0;0;1;100;30;0;0;0;0;0;0;0;3;0;0.0;0;0.0;0;0.0;0;0.0;0;1.15;19.1;20.1;0;250
15.12.2011 16:33:00.000;26.2;18.1;29.8;18.0;18.3;888.8;888.8;888.8;19.2;20.1;0;0;1;100;50;0;0;0;0;0;0;0;3;0;0.0;0;0.0;0;0.0;0;0.0;0;1.15;19.2;20.1;0;250
15.12.2011 16:38:00.000;27.2;18.2;30.1;18.0;18.1;888.8;888.8;888.8;19.2;20.2;0;0;1;100;50;0;0;0;0;0;0;0;3;0;0.0;0;0.0;0;0.0;0;0.0;0;1.15;19.2;20.2;0;250
15.12.2011 16:43:00.000;29.8;18.2;30.4;18.1;18.2;888.8;888.8;888.8;18.9;20.1;0;0;1;100;50;0;0;0;0;0;0;0;3;0;0.0;0;0.0;0;0.0;0;0.0;0;1.15;18.9;20.1;0;250
15.12.2011 16:48:00.000;29.7;18.2;28.5;18.1;18.2;888.8;888.8;888.8;19.1;20.1;0;0;1;100;40;0;0;0;0;0;0;0;3;0;0.0;0;0.0;0;0.0;0;0.0;0;1.15;19.1;20.1;0;250
15.12.2011 16:53:00.000;38.5;18.2;29.8;18.3;26.0;888.8;888.8;888.8;19.1;20.1;0;0;1;100;50;0;0;0;0;0;0;0;3;0;0.0;0;0.0;0;0.0;0;0.0;0;1.15;19.1;20.1;0;250
15.12.2011 16:58:00.000;27.9;18.2;34.5;18.5;29.3;888.8;888.8;888.8;19.1;20.1;0;0;1;100;70;0;0;0;0;0;0;0;3;0;0.0;0;0.0;0;0.0;0;0.0;0;1.15;19.1;20.2;0;250
15.12.2011 17:03:00.000;26.8;18.3;27.2;18.5;25.9;888.8;888.8;888.8;19.2;20.3;0;0;1;100;30;0;0;0;0;0;0;0;3;0;0.0;0;0.0;0;0.0;0;0.0;0;1.15;19.1;20.3;0;250
15.12.2011 17:08:00.000;27.2;18.2;27.5;18.5;26.7;888.8;888.8;888.8;19.2;20.3;0;0;1;100;30;0;0;0;0;0;0;0;3;0;0.0;0;0.0;0;0.0;0;0.0;0;1.15;19.2;20.3;0;250
19.7.2012 09:30:00.000;27.6;18.3;27.8;18.5;27.0;888.8;888.8;888.8;19.3;20.4;0;0;1;100;30;0;0;0;0;0;0;0;3;0;0.0;0;0.0;0;0.0;0;0.0;0;1.15;19.3;20.4;0;250
19.7.2012 09:35:00.000;27.7;18.2;27.8;18.5;27.1;888.8;888.8;888.8;19.3;20.3;0;0;1;100;30;0;0;0;0;0;0;0;3;0;0.0;0;0.0;0;0.0;0;0.0;0;1.15;19.3;20.3;0;250
19.7.2012 09:40:00.000;27.7;18.3;27.8;18.5;27.1;888.8;888.8;888.8;19.3;20.2;0;0;1;100;30;0;0;0;0;0;0;0;3;0;0.0;0;0.0;0;0.0;0;0.0;0;1.15;19.3;20.2;0;250
19.7.2012 09:45:00.000;28.0;18.3;28.2;18.5;27.0;888.8;888.8;888.8;19.3;20.2;0;0;1;100;40;0;0;0;0;0;0;0;3;0;0.0;0;0.0;0;0.0;0;0.0;0;1.15;19.3;20.2;0;250
19.7.2012 09:50:00.000;27.6;18.3;27.1;18.5;26.2;888.8;888.8;888.8;19.3;20.2;0;0;1;100;30;0;0;0;0;0;0;0;3;0;0.0;0;0.0;0;0.0;0;0.0;0;1.15;19.3;20.2;0;250
19.7.2012 09:55:00.000;28.9;18.3;28.4;18.5;27.3;888.8;888.8;888.8;19.1;20.1;0;0;1;100;40;0;0;0;0;0;0;0;3;0;0.0;0;0.0;0;0.0;0;0.0;0;1.15;19.1;20.1;0;250
19.7.2012 10:00:00.000;28.6;18.3;29.2;18.5;27.7;888.8;888.8;888.8;18.9;20.1;0;0;1;100;40;0;0;0;0;0;0;0;3;0;0.0;0;0.0;0;0.0;0;0.0;0;1.15;18.9;20.1;0;250
19.7.2012 10:05:00.000;29.0;18.3;29.2;18.7;27.8;888.8;888.8;888.8;19.0;20.3;0;0;1;100;40;0;0;0;0;0;0;0;3;0;0.0;0;0.0;0;0.0;0;0.0;0;1.15;19.0;20.3;0;250
19.7.2012 10:15:00.000;29.2;18.3;29.8;21.9;28.5;888.8;888.8;888.8;19.1;20.2;0;0;1;100;40;0;0;0;0;0;0;0;3;0;0.0;0;0.0;0;0.0;0;0.0;0;1.15;19.1;20.3;0;250
19.7.2012 10:20:00.000;31.0;18.3;30.6;22.8;28.8;888.8;888.8;888.8;18.9;20.1;0;0;1;100;50;0;0;0;0;0;0;0;3;0;0.0;0;0.0;0;0.0;0;0.0;0;1.15;18.9;20.1;0;250
19.7.2012 10:25:00.000;31.8;18.3;31.9;23.4;30.0;888.8;888.8;888.8;19.0;20.1;0;0;1;100;50;0;0;0;0;0;0;0;3;0;0.0;0;0.0;0;0.0;0;0.0;0;1.15;19.0;20.1;0;250
19.7.2012 10:30:00.000;33.1;18.3;32.9;24.4;30.5;888.8;888.8;888.8;19.0;20.1;0;0;1;100;60;0;0;0;0;0;0;0;3;0;0.0;0;0.0;0;0.0;0;0.0;0;1.15;19.0;20.1;0;250
19.7.2012 10:35:00.000;33.6;18.3;33.7;25.3;31.3;888.8;888.8;888.8;18.7;20.1;0;0;1;100;60;0;0;0;0;0;0;0;3;0;0.0;0;0.0;0;0.0;0;0.0;0;1.15;18.7;20.1;0;250
19.7.2012 10:40:00.000;35.6;18.4;36.2;25.9;32.0;888.8;888.8;888.8;18.7;20.0;0;0;1;100;70;0;0;0;0;0;0;0;3;0;0.0;0;0.0;0;0.0;0;0.0;0;1.15;18.7;20.0;0;250
19.7.2012 10:45:00.000;35.4;18.4;35.9;26.3;32.1;888.8;888.8;888.8;18.8;20.1;0;0;1;100;80;0;0;0;0;0;0;0;3;0;0.0;0;0.0;0;0.0;0;0.0;0;1.15;18.8;20.1;0;250
19.7.2012 10:50:00.000;35.9;18.5;36.2;26.5;32.7;888.8;888.8;888.8;18.9;20.1;0;0;1;100;80;0;0;0;0;0;0;0;3;0;0.0;0;0.0;0;0.0;0;0.0;0;1.15;18.9;20.1;0;250
19.7.2012 10:55:00.000;36.9;18.6;37.8;26.9;33.5;888.8;888.8;888.8;19.2;20.1;0;0;1;100;90;0;0;0;0;0;0;0;3;0;0.0;0;0.0;0;0.0;0;0.0;0;1.15;19.2;20.1;0;250
19.7.2012 11:00:00.000;37.3;18.8;38.0;27.6;34.2;888.8;888.8;888.8;19.3;20.1;0;0;1;100;80;0;0;0;0;0;0;0;3;0;0.0;0;0.0;0;0.0;0;0.0;0;1.15;19.3;20.1;0;250
19.7.2012 11:05:00.000;37.8;19.0;38.7;28.1;34.2;888.8;888.8;888.8;19.6;20.1;0;0;1;100;90;0;0;0;0;0;0;0;3;0;0.0;0;0.0;0;0.0;0;0.0;0;1.15;19.6;20.1;0;250
19.7.2012 11:10:00.000;38.4;19.3;40.4;29.3;35.5;888.8;888.8;888.8;19.8;20.1;0;0;1;100;90;0;0;0;0;0;0;0;3;0;0.0;0;0.0;0;0.0;0;0.0;0;1.15;19.8;20.1;0;250
19.7.2012 11:15:00.000;38.9;19.5;41.0;29.8;36.0;888.8;888.8;888.8;20.1;20.1;0;0;1;100;90;0;0;0;0;0;0;0;3;0;0.0;0;0.0;0;0.0;0;0.0;0;1.15;20.1;20.1;0;250
19.7.2012 11:20:00.000;39.9;19.9;40.8;30.4;35.0;888.8;888.8;888.8;20.4;20.1;0;0;1;100;90;0;0;0;0;0;0;0;3;0;0.0;0;0.0;0;0.0;0;0.0;0;1.15;20.4;20.1;0;250
19.7.2012 11:25:00.000;40.4;20.1;42.4;31.3;35.9;888.8;888.8;888.8;20.7;20.1;0;0;1;100;100;0;0;0;0;0;0;0;3;0;0.0;0;0.0;0;0.0;0;0.0;0;1.15;20.7;20.1;0;250
19.7.2012 11:30:00.000;40.7;20.4;43.2;32.0;36.6;888.8;888.8;888.8;21.1;20.1;0;0;1;100;100;0;0;0;0;0;0;0;3;0;0.0;0;0.0;0;0.0;0;0.0;0;1.15;21.1;20.1;0;250
19.7.2012 11:35:00.000;41.5;20.8;43.6;32.8;37.2;888.8;888.8;888.8;21.5;20.2;0;0;1;100;100;0;0;0;0;0;0;0;3;0;0.0;0;0.0;0;0.0;0;0.0;0;1.15;21.5;20.3;0;250
19.7.2012 11:40:00.000;42.1;21.2;43.8;33.6;37.8;888.8;888.8;888.8;21.9;20.3;0;0;1;100;100;0;0;0;0;0;0;0;3;0;0.0;0;0.0;0;0.0;0;0.0;0;1.15;21.9;20.3;0;250